Salary,player_id,game_date,gamesPlayed,gamesStarted,flyOuts,groundOuts,airOuts,runs,doubles,triples,homeRuns,strikeOuts,baseOnBalls,intentionalWalks,hits,hitByPitch,atBats,caughtStealing,stolenBases,stolenBasePercentage,numberOfPitches,inningsPitched,wins,losses,saves,saveOpportunities,holds,blownSaves,earnedRuns,battersFaced,outs,gamesPitched,completeGames,shutouts,pitchesThrown,balls,strikes,strikePercentage,hitBatsmen,balks,wildPitches,pickoffs,rbi,gamesFinished,runsScoredPer9,homeRunsPer9,inheritedRunners,inheritedRunnersScored,catchersInterference,sacBunts,sacFlies,passedBall,full_name,position_type,team,game_location,opp,order,complete_game_shutout,DKPts,throws,note,team_strikeOuts,team_hits,team_hitByPitch,team_inningsPitched,team_earnedRuns,season,game_id,K_prcnt,position,RotoName,Roster Position
5400.0,607074,2015-04-21,1,0,1.0,4,2,2,1,0,0,1,3,0,3,0,8,0,0,.---,60,2.1,0,0,0,0,0,0,2,13,7,1,0,0,60.0,31.0,29,0.0,0,0,0,0,4,0,7.71,0.00,2,2,0,1,1,0,carlos rodon,Pitcher,CWS,home,CLE,-1,0.0,0.9250000000000008,L,,7,7,0,9.0,6,2015,413848,0.0769230769230769,RP,carlrodon,RP
5400.0,607074,2015-04-29,1,0,1.0,1,1,0,0,0,0,1,0,0,0,0,3,0,0,.---,5,1.0,0,0,0,0,0,0,0,3,3,1,0,0,5.0,,5,0.0,0,0,0,0,0,1,0.00,0.00,0,0,0,0,0,0,carlos rodon,Pitcher,CWS,away,BAL,-1,0.0,4.25,L,,7,11,0,8.0,7,2015,413960,0.3333333333333333,,carlrodon,RP
5400.0,607074,2015-05-02,1,0,4.0,2,5,0,1,0,0,2,1,0,6,0,14,0,0,.---,63,3.0,0,0,0,0,0,0,0,16,9,1,0,0,63.0,22.0,41,0.0,0,0,0,0,2,0,0.00,0.00,2,2,0,0,1,0,carlos rodon,Pitcher,CWS,away,MIN,-1,0.0,7.15,L,,4,11,0,8.0,5,2015,413999,0.125,RP,carlrodon,RP
5400.0,607074,2015-05-08,1,1,2.0,4,4,2,0,0,0,8,4,0,4,0,20,0,1,1.000,108,6.0,1,0,0,0,0,0,2,24,18,1,0,0,108.0,41.0,67,0.0,0,0,0,0,2,0,3.00,0.00,0,0,0,0,0,0,carlos rodon,Pitcher,CWS,home,CIN,-1,0.0,27.1,L,"(W, 1-0)",11,6,0,9.0,2,2015,414083,0.3333333333333333,RP,carlrodon,RP
6700.0,607074,2015-05-09,1,1,2.0,4,4,2,0,0,0,8,4,0,4,0,20,0,1,1.000,108,6.0,1,0,0,0,0,0,2,24,18,1,0,0,108.0,41.0,67,0.0,0,0,0,0,2,0,3.00,0.00,0,0,0,0,0,0,carlos rodon,Pitcher,CWS,home,CIN,-1,0.0,27.1,L,"(W, 1-0)",11,6,0,9.0,2,2015,414083,0.3333333333333333,SP,carlrodon,SP
5600.0,607074,2015-05-15,1,1,2.0,3,5,5,0,1,1,5,6,0,5,0,18,0,0,.---,96,4.0,0,0,0,0,0,0,5,24,12,1,0,0,96.0,44.0,52,0.0,0,0,1,0,4,0,11.25,2.25,0,0,0,0,0,0,carlos rodon,Pitcher,CWS,away,OAK,-1,0.0,6.0,L,,7,12,0,9.0,6,2015,414179,0.2083333333333333,SP,carlrodon,SP
6400.0,607074,2015-05-20,1,1,4.0,5,7,1,0,0,0,4,5,0,4,0,19,0,3,1.000,103,6.0,0,0,0,0,0,0,1,25,18,1,0,0,103.0,47.0,56,0.0,0,0,0,0,1,0,1.50,0.00,0,0,0,0,1,0,carlos rodon,Pitcher,CWS,home,CLE,-1,0.0,17.1,L,,8,6,0,9.0,4,2015,414246,0.16,SP,carlrodon,SP
5200.0,607074,2015-05-29,1,1,3.0,8,6,3,2,0,0,4,0,0,8,0,25,0,0,.---,92,6.1,0,0,0,0,0,0,1,26,19,1,0,0,92.0,34.0,58,0.0,0,0,0,0,2,0,4.26,0.00,0,0,0,0,1,0,carlos rodon,Pitcher,CWS,away,HOU,-1,0.0,14.925,L,,11,10,0,11.0,1,2015,414368,0.1538461538461538,SP,carlrodon,SP
5600.0,607074,2015-06-04,1,1,4.0,3,5,1,1,0,0,10,3,0,5,0,23,0,1,1.000,108,6.0,0,0,0,0,0,0,1,26,18,1,0,0,108.0,42.0,66,0.0,0,0,0,0,1,0,1.50,0.00,0,0,0,0,0,0,carlos rodon,Pitcher,CWS,away,TEX,-1,0.0,28.5,L,,13,12,0,10.1,2,2015,414452,0.3846153846153846,,carlrodon,SP
5700.0,607074,2015-06-09,1,1,1.0,6,7,0,1,0,0,5,2,0,4,1,22,0,1,1.000,116,6.0,1,0,0,0,0,0,0,25,18,1,0,0,116.0,38.0,78,0.0,1,0,0,0,0,0,0.00,0.00,0,0,0,0,0,0,carlos rodon,Pitcher,CWS,home,HOU,-1,0.0,24.5,L,"(W, 2-0)",8,7,1,9.0,2,2015,414518,0.2,SP,carlrodon,SP
6500.0,607074,2015-06-15,1,1,,5,1,7,1,1,0,3,1,0,9,0,18,1,1,.500,69,3.2,0,1,0,0,0,0,7,19,11,1,0,0,69.0,27.0,42,0.0,0,0,1,0,6,0,17.18,0.00,0,0,0,0,0,0,carlos rodon,Pitcher,CWS,away,PIT,-1,0.0,-6.2,L,"(L, 2-1)",6,18,0,8.0,10,2015,414600,0.1578947368421052,SP,carlrodon,SP
5500.0,607074,2015-06-20,1,1,2.0,9,2,2,0,0,0,5,3,0,4,0,19,0,1,1.000,102,6.0,1,0,0,0,0,0,2,23,18,1,0,0,102.0,42.0,60,0.0,0,0,1,0,2,0,3.00,0.00,0,0,0,1,0,0,carlos rodon,Pitcher,CWS,home,TEX,-1,0.0,21.1,L,"(W, 3-1)",11,4,0,9.0,2,2015,414687,0.217391304347826,,carlrodon,SP
5900.0,607074,2015-06-25,1,1,1.0,6,2,4,1,1,2,7,3,0,8,0,23,0,0,.---,104,5.0,0,0,0,0,0,0,4,26,15,1,0,0,104.0,41.0,63,0.0,0,0,0,0,4,0,7.20,3.60,0,0,0,0,0,0,carlos rodon,Pitcher,CWS,away,DET,-1,0.0,12.45,L,,12,16,0,10.0,7,2015,414743,0.2692307692307692,SP,carlrodon,SP
5400.0,607074,2015-07-05,1,1,2.0,5,4,4,1,0,1,7,4,0,4,0,19,0,2,1.000,102,5.0,0,1,0,0,0,0,3,24,15,1,0,0,102.0,37.0,65,0.0,0,0,0,0,2,0,7.20,1.80,0,0,0,1,0,0,carlos rodon,Pitcher,CWS,home,BAL,-1,0.0,16.85,L,"(L, 3-2)",11,10,0,9.0,6,2015,414878,0.2916666666666667,SP,carlrodon,SP
5700.0,607074,2015-07-10,1,1,,4,4,0,0,0,0,6,6,0,2,0,16,1,0,.000,104,6.0,0,0,0,0,0,0,0,22,18,1,0,0,104.0,47.0,57,0.0,0,0,0,0,0,0,0.00,0.00,0,0,0,0,0,0,carlos rodon,Pitcher,CWS,away,CHC,-1,0.0,24.3,L,,12,3,0,9.0,0,2015,414946,0.2727272727272727,,carlrodon,SP
6200.0,607074,2015-07-21,1,1,3.0,2,4,7,1,1,1,6,3,0,7,2,19,0,0,.---,99,4.0,0,1,0,0,0,0,7,24,12,1,0,0,99.0,41.0,58,0.0,2,0,0,0,7,0,15.75,2.25,0,0,0,0,0,0,carlos rodon,Pitcher,CWS,home,STL,-1,0.0,1.6,L,"(L, 3-3)",8,11,2,9.0,8,2015,415055,0.25,SP,carlrodon,SP
6000.0,607074,2015-07-26,1,1,3.0,5,5,0,1,0,0,9,0,0,5,1,24,0,0,.---,111,6.2,1,0,0,0,0,0,0,25,20,1,0,0,111.0,38.0,73,0.0,1,0,0,0,0,0,0.00,0.00,0,0,0,0,0,0,carlos rodon,Pitcher,CWS,away,CLE,-1,0.0,32.35,L,"(W, 4-3)",13,6,1,9.0,1,2015,415116,0.36,SP,carlrodon,SP
6500.0,607074,2015-07-31,1,1,,3,2,8,4,0,1,4,4,0,8,0,16,0,0,.---,91,3.0,0,1,0,0,0,0,8,21,9,1,0,0,91.0,36.0,55,0.0,0,0,3,0,6,0,24.00,3.00,0,0,0,1,0,0,carlos rodon,Pitcher,CWS,home,NYY,-1,0.0,-6.05,L,"(L, 4-4)",9,18,0,9.0,13,2015,415189,0.1904761904761904,SP,carlrodon,SP
6400.0,607074,2015-08-05,1,1,3.0,3,7,4,2,0,1,3,2,0,6,1,19,0,0,.---,81,4.2,0,0,0,0,0,0,4,22,14,1,0,0,81.0,32.0,49,0.0,1,0,0,0,3,0,7.71,1.93,0,0,0,0,0,0,carlos rodon,Pitcher,CWS,home,TB,-1,0.0,3.2500000000000013,L,,11,12,1,10.0,5,2015,415266,0.1363636363636363,,carlrodon,SP
5400.0,607074,2015-08-11,1,1,2.0,7,3,0,1,0,0,11,1,0,4,0,25,0,0,.---,107,7.0,1,0,0,0,0,0,0,26,21,1,0,0,107.0,41.0,66,0.0,0,0,0,0,0,0,0.00,0.00,0,0,0,0,0,0,carlos rodon,Pitcher,CWS,home,LAA,-1,0.0,39.35,L,"(W, 5-4)",13,5,0,9.0,0,2015,415329,0.4230769230769231,,carlrodon,SP
6700.0,607074,2015-08-17,1,1,4.0,8,9,2,0,0,2,5,3,0,4,0,25,1,0,.000,104,8.0,0,1,0,0,0,0,2,29,24,1,1,0,104.0,36.0,68,0.0,0,0,0,1,2,0,2.25,2.25,0,0,0,1,0,0,carlos rodon,Pitcher,CWS,away,LAA,-1,0.0,24.1,L,"(L, 5-5)",5,4,0,8.0,2,2015,415415,0.1724137931034483,SP,carlrodon,SP
7100.0,607074,2015-08-22,1,1,1.0,9,3,3,2,0,0,8,4,0,6,0,26,0,0,.---,116,7.0,0,0,0,0,0,0,1,30,21,1,0,0,116.0,50.0,66,0.0,0,0,0,0,2,0,3.86,0.00,0,0,0,0,0,0,carlos rodon,Pitcher,CWS,away,SEA,-1,0.0,26.15,L,,12,8,0,10.0,1,2015,415481,0.2666666666666666,SP,carlrodon,SP
9800.0,607074,2015-08-27,1,1,1.0,9,3,2,0,0,1,5,3,0,3,0,20,0,0,.---,90,6.0,1,0,0,0,0,0,2,23,18,1,0,0,90.0,37.0,53,0.0,0,0,0,0,2,0,3.00,1.50,0,0,0,0,0,0,carlos rodon,Pitcher,CWS,home,SEA,-1,0.0,21.7,L,"(W, 6-5)",8,7,0,9.0,2,2015,415555,0.217391304347826,SP,carlrodon,SP
7500.0,607074,2015-09-02,1,1,3.0,7,6,2,0,0,1,4,3,0,5,0,22,0,0,.---,104,6.0,0,1,0,0,0,0,2,25,18,1,0,0,104.0,38.0,66,0.0,0,0,0,0,1,0,3.00,1.50,0,0,0,0,0,0,carlos rodon,Pitcher,CWS,away,MIN,-1,0.0,14.5,L,"(L, 6-6)",7,7,0,8.0,3,2015,415632,0.16,SP,carlrodon,SP
7200.0,607074,2015-09-08,1,1,2.0,7,7,1,1,0,0,8,1,0,5,0,27,0,0,.---,112,7.0,1,0,0,0,0,0,1,28,21,1,0,0,112.0,42.0,70,0.0,0,0,0,0,1,0,1.29,0.00,0,0,0,0,0,0,carlos rodon,Pitcher,CWS,home,CLE,-1,0.0,30.75,L,"(W, 7-6)",11,8,0,9.0,4,2015,415714,0.2857142857142857,SP,carlrodon,SP
8200.0,607074,2015-09-19,1,1,6.0,9,9,1,2,0,0,4,1,0,6,1,26,0,0,.---,103,7.2,1,0,0,0,0,0,1,30,23,1,0,0,103.0,38.0,65,0.0,1,0,0,0,1,0,1.17,0.00,0,0,0,1,1,0,carlos rodon,Pitcher,CWS,away,CLE,-1,0.0,22.0,L,"(W, 8-6)",6,9,1,9.0,3,2015,415863,0.1333333333333333,,carlrodon,SP
7700.0,607074,2015-09-25,1,1,4.0,5,7,2,1,0,0,4,5,0,5,2,21,0,0,.---,91,6.0,1,0,0,0,0,0,2,28,18,1,0,0,91.0,42.0,49,0.0,2,0,1,0,2,0,3.00,0.00,0,0,0,0,0,0,carlos rodon,Pitcher,CWS,away,NYY,-1,0.0,17.3,L,"(W, 9-6)",5,6,2,9.0,2,2015,415943,0.1428571428571428,SP,carlrodon,SP
9000.0,607074,2016-04-06,1,1,2.0,8,7,2,0,0,1,6,1,0,7,0,27,0,0,.---,99,7.0,0,1,0,0,0,0,2,29,21,1,0,0,99.0,38.0,61,0.0,0,0,0,0,2,0,2.57,1.29,0,0,0,0,1,0,carlos rodon,Pitcher,CWS,away,OAK,-1,0.0,19.55,L,"(L, 0-1)",8,7,0,8.0,2,2016,446890,0.2068965517241379,SP,carlrodon,P
9500.0,607074,2016-04-13,1,1,3.0,6,6,0,0,0,0,6,5,1,3,0,19,0,0,.---,107,6.0,1,0,0,0,0,0,0,26,18,1,0,0,107.0,43.0,64,0.0,0,0,0,0,0,0,0.00,0.00,0,0,0,2,0,0,carlos rodon,Pitcher,CWS,away,MIN,-1,0.0,27.7,L,"(W, 1-1)",9,4,0,9.0,0,2016,446984,0.2307692307692307,SP,carlrodon,P
9100.0,607074,2016-04-18,1,1,,0,0,5,0,0,0,1,2,0,6,0,7,0,0,.---,41,0.1,0,1,0,0,0,0,5,9,1,1,0,0,41.0,19.0,22,0.0,0,0,0,0,4,0,135.00,0.00,0,0,0,0,0,0,carlos rodon,Pitcher,CWS,home,LAA,-1,0.0,-11.375,L,"(L, 1-2)",5,13,0,9.0,7,2016,447055,0.1111111111111111,SP,carlrodon,P
8400.0,607074,2016-04-23,1,1,2.0,8,5,2,0,0,1,7,2,0,2,0,22,0,1,1.000,98,6.2,0,0,0,0,0,0,2,24,20,1,0,0,98.0,40.0,58,0.0,0,0,0,0,1,0,2.70,1.35,0,0,0,0,0,0,carlos rodon,Pitcher,CWS,home,TEX,-1,0.0,22.750000000000004,L,,11,7,0,11.0,3,2016,447132,0.2916666666666667,,carlrodon,P
7700.0,607074,2016-04-29,1,1,3.0,9,5,6,1,0,1,7,1,0,8,0,29,0,0,.---,102,7.0,0,1,0,0,0,0,4,30,21,1,0,0,102.0,37.0,65,0.0,0,0,0,0,5,0,7.71,1.29,0,0,0,0,0,0,carlos rodon,Pitcher,CWS,away,BAL,-1,0.0,16.95,L,"(L, 1-3)",7,8,0,8.0,4,2016,447200,0.2333333333333333,SP,carlrodon,P
7400.0,607074,2016-05-04,1,1,5.0,4,6,3,0,0,1,6,3,0,6,1,22,0,0,.---,110,6.0,0,1,0,0,0,0,3,26,18,1,0,0,110.0,46.0,64,0.0,1,0,1,0,3,0,4.50,1.50,0,0,0,0,0,0,carlos rodon,Pitcher,CWS,home,BOS,-1,0.0,15.3,L,"(L, 1-4)",7,11,1,9.0,5,2016,447271,0.2307692307692307,SP,carlrodon,P
7400.0,607074,2016-05-10,1,1,3.0,3,8,6,1,0,2,7,2,0,12,0,30,0,1,1.000,107,6.2,0,0,0,0,0,0,6,32,20,1,0,0,107.0,40.0,67,0.0,0,0,0,0,6,0,8.10,2.70,0,0,0,0,0,0,carlos rodon,Pitcher,CWS,away,TEX,-1,0.0,8.750000000000004,L,,9,17,0,8.0,13,2016,447355,0.21875,SP,carlrodon,P
8800.0,607074,2016-05-17,1,1,3.0,6,7,3,0,0,2,7,1,1,6,0,26,0,1,1.000,108,6.0,0,0,0,0,0,0,2,27,18,1,0,0,108.0,45.0,63,0.0,0,0,0,0,3,0,4.50,3.00,0,0,0,0,0,0,carlos rodon,Pitcher,CWS,home,HOU,-1,0.0,19.9,L,,11,11,0,11.0,5,2016,447449,0.2592592592592592,SP,carlrodon,P
7800.0,607074,2016-05-22,1,1,2.0,9,6,2,1,0,0,4,2,0,8,0,26,0,0,.---,102,6.2,1,0,0,0,0,0,2,29,20,1,0,0,102.0,39.0,63,0.0,0,0,0,0,2,0,2.70,0.00,0,0,0,0,1,0,carlos rodon,Pitcher,CWS,home,KC,-1,0.0,17.150000000000002,L,"(W, 2-4)",8,8,0,9.0,2,2016,447522,0.1379310344827586,SP,carlrodon,P
7700.0,607074,2016-05-26,1,1,3.0,3,5,6,1,0,3,4,1,0,8,1,20,0,3,1.000,96,4.0,0,1,0,0,0,0,6,22,12,1,0,0,96.0,40.0,56,0.0,1,0,1,0,6,0,13.50,6.75,0,0,0,0,0,0,carlos rodon,Pitcher,CWS,away,KC,-1,0.0,-0.3999999999999998,L,"(L, 7-10)",8,12,2,8.0,8,2016,447572,0.1818181818181818,SP,carlrodon,P
7700.0,607074,2016-05-28,1,1,5.0,5,7,1,2,0,0,3,2,0,6,0,21,0,2,1.000,105,5.0,0,0,0,0,0,0,1,23,15,1,0,0,105.0,39.0,66,0.0,0,0,1,0,1,0,1.80,0.00,0,0,0,0,0,0,carlos rodon,Pitcher,CWS,away,KC,-1,0.0,11.65,L,,7,12,0,8.2,8,2016,447596,0.1304347826086956,,carlrodon,P
8400.0,607074,2016-06-03,1,1,6.0,4,7,4,2,0,2,5,3,0,7,0,23,0,1,1.000,101,6.0,0,1,0,0,0,0,4,26,18,1,0,0,101.0,38.0,63,0.0,0,0,1,0,4,0,6.00,3.00,0,0,0,0,0,0,carlos rodon,Pitcher,CWS,away,DET,-1,0.0,11.3,L,"(L, 2-5)",6,14,0,8.0,10,2016,447681,0.1923076923076923,SP,carlrodon,P
7500.0,607074,2016-06-12,1,1,4.0,2,6,2,1,0,0,7,2,1,7,1,21,2,0,.000,97,6.0,0,1,0,0,0,0,2,25,18,1,0,0,97.0,36.0,61,0.0,1,0,0,0,2,0,3.00,0.00,0,0,0,1,0,0,carlos rodon,Pitcher,CWS,home,KC,-1,0.0,18.7,L,"(L, 2-6)",10,11,1,9.0,3,2016,447808,0.28,SP,carlrodon,P
6200.0,607074,2016-06-19,1,1,1.0,3,7,2,1,0,1,8,1,0,8,0,25,0,2,1.000,99,6.1,0,0,0,0,0,0,2,27,19,1,0,0,99.0,33.0,66,0.0,0,0,0,0,2,0,2.84,1.42,0,0,0,0,1,0,carlos rodon,Pitcher,CWS,away,CLE,-1,0.0,20.925,L,,10,12,0,9.2,3,2016,447899,0.2962962962962963,SP,carlrodon,P
7400.0,607074,2016-06-24,1,1,2.0,3,6,2,1,0,0,8,2,0,6,1,23,0,0,.---,115,5.2,0,0,0,0,0,0,2,26,17,1,0,0,115.0,41.0,74,0.0,1,1,0,0,2,0,3.18,0.00,0,0,0,0,0,0,carlos rodon,Pitcher,CWS,home,TOR,-1,0.0,19.5,L,,12,8,1,9.0,2,2016,447973,0.3076923076923077,SP,carlrodon,P
8500.0,607074,2016-06-30,1,1,3.0,6,4,4,1,0,2,6,1,0,5,0,21,0,0,.---,87,5.2,0,0,0,0,0,0,4,22,17,1,0,0,87.0,28.0,59,0.0,0,0,0,0,4,0,6.35,3.18,0,0,0,0,0,0,carlos rodon,Pitcher,CWS,home,MIN,-1,0.0,12.700000000000005,L,,12,8,0,9.0,5,2016,448054,0.2727272727272727,SP,carlrodon,P
7800.0,607074,2016-07-05,1,1,4.0,4,8,6,4,0,2,3,2,0,12,0,27,0,0,.---,92,5.0,0,1,0,0,0,0,5,29,15,1,0,0,92.0,33.0,59,0.0,0,0,0,0,5,0,10.80,3.60,0,0,0,0,0,0,carlos rodon,Pitcher,CWS,home,NYY,-1,0.0,0.0500000000000007,L,"(L, 2-7)",6,20,0,9.0,7,2016,448126,0.1034482758620689,SP,carlrodon,P
6800.0,607074,2016-07-31,1,1,4.0,5,5,5,2,0,2,7,2,0,8,0,25,0,1,1.000,99,6.1,0,1,0,0,0,0,5,27,19,1,0,0,99.0,31.0,68,0.0,0,0,1,0,5,0,7.11,2.84,0,0,0,0,0,0,carlos rodon,Pitcher,CWS,away,MIN,-1,0.0,12.925,L,"(L, 2-8)",8,9,0,8.0,6,2016,448426,0.2592592592592592,SP,carlrodon,P
6200.0,607074,2016-08-06,1,1,3.0,6,6,2,2,0,0,7,2,0,5,0,23,0,0,.---,106,6.0,0,0,0,0,0,0,1,26,18,1,0,0,106.0,46.0,60,0.0,0,0,1,0,2,0,3.00,0.00,0,0,0,0,1,0,carlos rodon,Pitcher,CWS,home,BAL,-1,0.0,22.5,L,,10,6,0,9.0,1,2016,448504,0.2692307692307692,SP,carlrodon,P
6400.0,607074,2016-08-12,1,1,8.0,5,9,1,0,0,0,4,3,0,3,0,21,0,1,1.000,122,6.0,1,0,0,0,0,0,1,24,18,1,0,0,122.0,49.0,73,0.0,0,0,1,0,1,0,1.50,0.00,0,0,0,0,0,0,carlos rodon,Pitcher,CWS,away,MIA,-1,0.0,21.7,L,"(W, 3-8)",8,4,0,9.0,2,2016,448585,0.1666666666666666,SP,carlrodon,P
6300.0,607074,2016-08-18,1,1,,6,4,2,2,0,0,5,0,0,8,1,23,0,0,.---,100,6.0,0,0,0,0,0,0,2,24,18,1,0,0,100.0,39.0,61,0.0,1,0,0,0,2,0,3.00,0.00,0,0,0,0,0,0,carlos rodon,Pitcher,CWS,away,CLE,-1,0.0,14.1,L,,8,12,1,8.1,4,2016,448667,0.2083333333333333,SP,carlrodon,P
8600.0,607074,2016-08-23,1,1,3.0,9,7,0,1,0,0,4,1,0,3,0,23,0,0,.---,109,6.2,1,0,0,0,0,0,0,24,20,1,0,0,109.0,38.0,71,0.0,0,0,0,0,0,0,0.00,0.00,0,0,0,0,0,0,carlos rodon,Pitcher,CWS,home,PHI,-1,0.0,24.15,L,"(W, 4-8)",6,5,0,9.0,1,2016,448742,0.1666666666666666,SP,carlrodon,P
8900.0,607074,2016-08-28,1,1,,9,3,1,0,1,1,6,1,0,5,0,23,0,0,.---,100,6.0,1,0,0,0,0,0,1,24,18,1,0,0,100.0,37.0,63,0.0,0,0,0,0,1,0,1.50,1.50,0,0,0,0,0,0,carlos rodon,Pitcher,CWS,home,SEA,-1,0.0,24.5,L,"(W, 5-8)",9,7,0,9.0,1,2016,448815,0.25,SP,carlrodon,P
8800.0,607074,2016-09-02,1,1,5.0,4,10,4,1,0,1,5,1,0,7,1,25,1,0,.000,79,7.0,1,0,0,0,0,0,3,28,21,1,0,0,79.0,25.0,54,0.0,1,0,1,1,4,0,5.14,1.29,0,0,0,0,1,0,carlos rodon,Pitcher,CWS,away,MIN,-1,0.0,18.95,L,"(W, 6-8)",6,8,1,9.0,3,2016,448867,0.1785714285714285,SP,carlrodon,P
8300.0,607074,2016-09-09,1,1,3.0,4,6,2,0,0,0,9,2,0,6,0,25,0,3,1.000,116,6.0,1,0,0,0,0,0,1,28,18,1,0,0,116.0,40.0,76,0.0,0,0,1,0,2,0,3.00,0.00,0,0,1,0,0,0,carlos rodon,Pitcher,CWS,home,KC,-1,0.0,29.9,L,"(W, 7-8)",12,7,0,9.0,1,2016,448967,0.3214285714285714,SP,carlrodon,P
8700.0,607074,2016-09-14,1,1,2.0,6,3,6,3,1,1,5,3,0,9,0,23,0,1,1.000,95,5.0,0,1,0,0,0,0,6,26,15,1,0,0,95.0,29.0,66,0.0,0,0,0,0,6,0,10.80,1.80,0,0,0,0,0,0,carlos rodon,Pitcher,CWS,home,CLE,-1,0.0,3.850000000000001,L,"(L, 7-9)",6,10,0,9.0,6,2016,449038,0.1923076923076923,SP,carlrodon,P
7500.0,607074,2016-09-25,1,1,2.0,8,5,0,0,0,0,11,3,0,2,0,25,0,0,.---,108,8.0,1,0,0,0,0,0,0,29,24,1,0,0,108.0,35.0,73,0.0,0,0,1,0,0,0,0.00,0.00,0,0,0,1,0,0,carlos rodon,Pitcher,CWS,away,CLE,-1,0.0,42.8,L,"(W, 8-10)",14,2,0,9.0,0,2016,449189,0.3793103448275862,SP,carlrodon,P
10700.0,607074,2016-09-30,1,1,1.0,3,4,3,1,0,0,10,3,0,3,0,19,0,0,.---,95,6.0,1,0,0,0,0,0,2,23,18,1,0,0,95.0,39.0,56,0.0,0,0,1,0,2,0,4.50,0.00,0,0,0,0,1,0,carlos rodon,Pitcher,CWS,home,MIN,-1,0.0,31.7,L,"(W, 9-10)",12,6,0,9.0,2,2016,449261,0.4347826086956521,SP,carlrodon,P
5600.0,607074,2017-06-28,1,1,1.0,6,6,3,0,0,0,2,6,0,2,0,16,0,0,.---,94,5.0,0,1,0,0,0,0,0,22,15,1,0,0,94.0,53.0,41,0.0,0,0,2,0,2,0,5.40,0.00,0,0,0,0,0,0,carlos rodon,Pitcher,CWS,home,NYY,-1,0.0,14.05,L,"(L, 0-1)",5,9,0,9.0,9,2017,491274,0.0909090909090909,,carlrodon,P
9500.0,607074,2017-07-03,1,1,4.0,4,6,2,1,0,0,10,3,0,4,0,24,0,0,.---,102,6.1,1,0,0,0,0,0,2,27,19,1,0,0,102.0,37.0,65,0.0,0,0,0,0,2,0,2.84,0.00,0,0,0,0,0,0,carlos rodon,Pitcher,CWS,away,OAK,-1,0.0,31.325000000000003,L,"(W, 1-1)",13,5,0,9.0,2,2017,491340,0.3703703703703703,SP,carlrodon,P
6500.0,607074,2017-07-03,1,1,4.0,4,6,2,1,0,0,10,3,0,4,0,24,0,0,.---,102,6.1,1,0,0,0,0,0,2,27,19,1,0,0,102.0,37.0,65,0.0,0,0,0,0,2,0,2.84,0.00,0,0,0,0,0,0,carlos rodon,Pitcher,CWS,away,OAK,-1,0.0,31.325000000000003,L,"(W, 1-1)",13,5,0,9.0,2,2017,491340,0.3703703703703703,SP,carlrodon,P
7600.0,607074,2017-07-09,1,1,3.0,6,5,6,1,0,1,4,3,0,5,0,20,0,1,1.000,95,5.1,0,1,0,0,0,0,6,23,16,1,0,0,95.0,43.0,52,0.0,0,0,0,0,3,0,10.13,1.69,0,0,0,0,0,0,carlos rodon,Pitcher,CWS,away,COL,-1,0.0,4.475000000000001,L,"(L, 1-2)",7,12,0,8.0,10,2017,491422,0.1739130434782608,SP,carlrodon,P
14000.0,607074,2017-07-09,1,1,3.0,6,5,6,1,0,1,4,3,0,5,0,20,0,1,1.000,95,5.1,0,1,0,0,0,0,6,23,16,1,0,0,95.0,43.0,52,0.0,0,0,0,0,3,0,10.13,1.69,0,0,0,0,0,0,carlos rodon,Pitcher,CWS,away,COL,-1,0.0,4.475000000000001,L,"(L, 1-2)",7,12,0,8.0,10,2017,491422,0.1739130434782608,SP,carlrodon,P
7000.0,607074,2017-07-19,1,1,2.0,3,3,5,0,0,4,4,3,0,7,0,17,0,1,1.000,94,3.2,0,1,0,0,0,0,5,20,11,1,0,0,94.0,39.0,55,0.0,0,0,0,0,5,0,12.27,9.82,0,0,0,0,0,0,carlos rodon,Pitcher,CWS,home,LAD,-1,0.0,0.9999999999999992,L,"(L, 1-3)",9,13,0,7.2,9,2017,491512,0.2,SP,carlrodon,P
10000.0,607074,2017-07-19,1,1,2.0,3,3,5,0,0,4,4,3,0,7,0,17,0,1,1.000,94,3.2,0,1,0,0,0,0,5,20,11,1,0,0,94.0,39.0,55,0.0,0,0,0,0,5,0,12.27,9.82,0,0,0,0,0,0,carlos rodon,Pitcher,CWS,home,LAD,-1,0.0,0.9999999999999992,L,"(L, 1-3)",9,13,0,7.2,9,2017,491512,0.2,SP,carlrodon,P
6500.0,607074,2017-07-25,1,1,1.0,0,1,4,3,0,1,11,3,0,7,0,19,0,1,1.000,98,4.0,0,1,0,0,0,0,4,22,12,1,0,0,98.0,40.0,58,0.0,0,0,0,0,4,0,9.00,2.25,0,0,0,0,0,0,carlos rodon,Pitcher,CWS,away,CHC,-1,0.0,18.8,L,"(L, 1-4)",17,10,1,8.0,7,2017,491592,0.5,SP,carlrodon,P
10000.0,607074,2017-07-25,1,1,1.0,0,1,4,3,0,1,11,3,0,7,0,19,0,1,1.000,98,4.0,0,1,0,0,0,0,4,22,12,1,0,0,98.0,40.0,58,0.0,0,0,0,0,4,0,9.00,2.25,0,0,0,0,0,0,carlos rodon,Pitcher,CWS,away,CHC,-1,0.0,18.8,L,"(L, 1-4)",17,10,1,8.0,7,2017,491592,0.5,SP,carlrodon,P
6900.0,607074,2017-07-30,1,1,2.0,4,6,1,1,0,1,9,2,0,6,0,25,0,3,1.000,110,6.2,0,0,0,0,0,0,1,27,20,1,0,0,110.0,41.0,69,0.0,0,0,0,0,1,0,1.35,1.35,0,0,0,0,0,0,carlos rodon,Pitcher,CWS,home,CLE,-1,0.0,26.35,L,,11,8,0,9.0,1,2017,491662,0.3333333333333333,SP,carlrodon,P
11500.0,607074,2017-07-30,1,1,2.0,4,6,1,1,0,1,9,2,0,6,0,25,0,3,1.000,110,6.2,0,0,0,0,0,0,1,27,20,1,0,0,110.0,41.0,69,0.0,0,0,0,0,1,0,1.35,1.35,0,0,0,0,0,0,carlos rodon,Pitcher,CWS,home,CLE,-1,0.0,26.35,L,,11,8,0,9.0,1,2017,491662,0.3333333333333333,SP,carlrodon,P
6100.0,607074,2017-08-04,1,1,3.0,6,6,2,0,0,1,11,0,0,6,0,29,0,0,.---,113,7.2,0,0,0,0,0,0,2,29,23,1,0,0,113.0,40.0,73,0.0,0,0,0,0,2,0,2.35,1.17,0,0,0,0,0,0,carlos rodon,Pitcher,CWS,away,BOS,-1,0.0,30.6,L,,14,8,0,10.2,3,2017,491725,0.3793103448275862,SP,carlrodon,P
12000.0,607074,2017-08-04,1,1,3.0,6,6,2,0,0,1,11,0,0,6,0,29,0,0,.---,113,7.2,0,0,0,0,0,0,2,29,23,1,0,0,113.0,40.0,73,0.0,0,0,0,0,2,0,2.35,1.17,0,0,0,0,0,0,carlos rodon,Pitcher,CWS,away,BOS,-1,0.0,30.6,L,,14,8,0,10.2,3,2017,491725,0.3793103448275862,SP,carlrodon,P
10000.0,607074,2017-08-10,1,1,1.0,11,6,2,1,0,1,4,0,0,9,1,30,1,0,.000,98,8.0,0,0,0,0,0,0,2,31,24,1,0,0,98.0,28.0,70,0.0,1,0,0,0,2,0,2.25,1.13,0,0,0,0,0,0,carlos rodon,Pitcher,CWS,home,HOU,-1,0.0,16.0,L,,7,12,1,11.0,2,2017,491808,0.1290322580645161,SP,carlrodon,P
7000.0,607074,2017-08-10,1,1,1.0,11,6,2,1,0,1,4,0,0,9,1,30,1,0,.000,98,8.0,0,0,0,0,0,0,2,31,24,1,0,0,98.0,28.0,70,0.0,1,0,0,0,2,0,2.25,1.13,0,0,0,0,0,0,carlos rodon,Pitcher,CWS,home,HOU,-1,0.0,16.0,L,,7,12,1,11.0,2,2017,491808,0.1290322580645161,SP,carlrodon,P
10500.0,607074,2017-08-16,1,1,2.0,10,4,2,1,0,1,4,4,0,5,0,23,1,1,.500,104,7.1,0,0,0,0,0,0,2,27,22,1,0,0,104.0,42.0,62,0.0,0,0,1,1,1,0,2.45,1.23,0,0,0,0,0,0,carlos rodon,Pitcher,CWS,away,LAD,-1,0.0,16.975,L,,4,9,0,8.1,5,2017,491891,0.1481481481481481,SP,carlrodon,P
6700.0,607074,2017-08-16,1,1,2.0,10,4,2,1,0,1,4,4,0,5,0,23,1,1,.500,104,7.1,0,0,0,0,0,0,2,27,22,1,0,0,104.0,42.0,62,0.0,0,0,1,1,1,0,2.45,1.23,0,0,0,0,0,0,carlos rodon,Pitcher,CWS,away,LAD,-1,0.0,16.975,L,,4,9,0,8.1,5,2017,491891,0.1481481481481481,SP,carlrodon,P
8200.0,607074,2017-08-21,1,1,2.0,2,8,2,2,0,0,9,3,0,4,0,22,0,0,.---,115,6.1,1,0,0,0,0,0,2,26,19,1,0,0,115.0,43.0,72,0.0,0,0,1,0,2,0,2.84,0.00,0,0,0,0,1,0,carlos rodon,Pitcher,CWS,home,MIN,-1,0.0,29.325000000000003,L,"(W, 2-4)",11,8,0,9.0,6,2017,491962,0.3461538461538461,SP,carlrodon,P
13500.0,607074,2017-08-21,1,1,2.0,2,8,2,2,0,0,9,3,0,4,0,22,0,0,.---,115,6.1,1,0,0,0,0,0,2,26,19,1,0,0,115.0,43.0,72,0.0,0,0,1,0,2,0,2.84,0.00,0,0,0,0,1,0,carlos rodon,Pitcher,CWS,home,MIN,-1,0.0,29.325000000000003,L,"(W, 2-4)",11,8,0,9.0,6,2017,491962,0.3461538461538461,SP,carlrodon,P
13500.0,607074,2017-08-26,1,1,2.0,8,4,5,2,0,2,4,1,0,7,2,22,0,2,1.000,89,5.0,0,1,0,0,0,0,5,26,15,1,0,0,89.0,30.0,59,0.0,2,0,0,0,5,0,9.00,3.60,0,0,0,1,0,0,carlos rodon,Pitcher,CWS,home,DET,-1,0.0,3.85,L,"(L, 2-5)",7,9,3,9.0,6,2017,492026,0.1538461538461538,SP,carlrodon,P
8900.0,607074,2017-08-26,1,1,2.0,8,4,5,2,0,2,4,1,0,7,2,22,0,2,1.000,89,5.0,0,1,0,0,0,0,5,26,15,1,0,0,89.0,30.0,59,0.0,2,0,0,0,5,0,9.00,3.60,0,0,0,1,0,0,carlos rodon,Pitcher,CWS,home,DET,-1,0.0,3.85,L,"(L, 2-5)",7,9,3,9.0,6,2017,492026,0.1538461538461538,SP,carlrodon,P
13000.0,607074,2017-09-02,1,1,4.0,3,5,1,2,0,0,4,3,0,2,0,13,0,2,1.000,69,4.0,0,0,0,0,0,0,1,17,12,1,0,0,69.0,28.0,41,0.59,0,0,0,0,1,0,2.25,0.00,0,0,0,0,1,0,carlos rodon,Pitcher,CWS,home,TB,-1,0.0,13.8,L,,8,9,1,9.0,4,2017,492130,0.2352941176470588,,carlrodon,P
7700.0,607074,2017-09-02,1,1,4.0,3,5,1,2,0,0,4,3,0,2,0,13,0,2,1.000,69,4.0,0,0,0,0,0,0,1,17,12,1,0,0,69.0,28.0,41,0.59,0,0,0,0,1,0,2.25,0.00,0,0,0,0,1,0,carlos rodon,Pitcher,CWS,home,TB,-1,0.0,13.8,L,,8,9,1,9.0,4,2017,492130,0.2352941176470588,,carlrodon,P
6000.0,607074,2018-06-09,1,1,2.0,8,2,4,0,0,2,7,2,0,6,0,23,0,1,1.000,97,5.0,0,1,0,0,0,0,2,25,15,1,0,0,97.0,34.0,63,0.0,0,0,1,0,3,0,7.20,3.60,0,0,0,0,0,0,carlos rodon,Pitcher,CWS,away,BOS,-1,0.0,17.65,L,"(L, 0-1)",11,8,0,8.0,2,2018,530361,0.28,,carlrodon,P
6300.0,607074,2018-06-14,1,1,5.0,2,9,2,0,0,1,4,3,0,2,2,17,0,1,1.000,100,5.0,0,0,0,0,0,0,2,22,15,1,0,0,100.0,41.0,59,0.0,2,0,0,0,2,0,3.60,1.80,0,0,0,0,0,0,carlos rodon,Pitcher,CWS,home,CLE,-1,0.0,12.85,L,,7,6,2,9.0,4,2018,530427,0.1818181818181818,,carlrodon,P
7100.0,607074,2018-06-19,1,1,4.0,1,12,4,0,0,0,5,2,0,5,1,23,0,1,1.000,98,6.1,0,1,0,0,0,0,4,26,19,1,0,0,98.0,36.0,62,0.0,1,0,1,0,3,0,5.68,0.00,0,0,0,0,0,0,carlos rodon,Pitcher,CWS,away,CLE,-1,0.0,12.125000000000002,L,"(L, 0-2)",8,9,1,8.0,6,2018,530493,0.1923076923076923,SP,carlrodon,P
8400.0,607074,2018-06-24,1,1,9.0,5,15,2,2,0,1,3,0,0,7,0,29,0,0,.---,99,8.0,1,0,0,0,0,0,2,30,24,1,0,0,99.0,30.0,69,0.0,0,0,0,0,2,0,2.25,1.13,0,0,0,0,1,0,carlos rodon,Pitcher,CWS,home,OAK,-1,0.0,19.8,L,"(W, 1-2)",3,7,0,9.0,3,2018,530566,0.1,SP,carlrodon,P
7700.0,607074,2018-06-30,1,1,4.0,6,7,5,1,0,2,3,2,0,6,0,22,0,0,.---,89,5.1,0,1,0,0,0,0,5,24,16,1,0,0,89.0,36.0,53,0.0,0,0,0,0,5,0,8.44,3.38,0,0,0,0,0,0,carlos rodon,Pitcher,CWS,away,TEX,-1,0.0,3.8750000000000018,L,"(L, 1-3)",7,13,0,8.0,12,2018,530640,0.125,SP,carlrodon,P
7400.0,607074,2018-07-05,1,1,2.0,6,4,2,1,0,1,6,6,0,5,0,21,0,0,.---,109,6.0,0,0,0,0,0,0,2,27,18,1,0,0,109.0,51.0,58,0.0,0,0,0,0,2,0,3.00,1.50,0,0,0,0,0,0,carlos rodon,Pitcher,CWS,away,HOU,-1,0.0,18.5,L,,9,8,0,8.1,4,2018,530710,0.2222222222222222,SP,carlrodon,P
6000.0,607074,2018-07-11,1,1,2.0,13,3,0,1,0,0,7,2,0,3,0,26,0,0,.---,104,7.1,1,0,0,0,0,0,0,28,22,1,0,0,104.0,38.0,66,0.0,0,0,0,0,0,0,0.00,0.00,0,0,0,0,0,0,carlos rodon,Pitcher,CWS,home,STL,-1,0.0,32.175000000000004,L,"(W, 2-3)",10,4,0,9.0,0,2018,530798,0.25,SP,carlrodon,P
7300.0,607074,2018-07-24,1,1,2.0,8,6,2,1,0,0,8,3,0,2,0,24,0,1,1.000,111,7.2,1,0,0,0,0,0,2,27,23,1,0,0,111.0,44.0,67,0.0,0,0,0,0,0,0,2.35,0.00,0,0,0,0,0,0,carlos rodon,Pitcher,CWS,away,LAA,-1,0.0,31.000000000000004,L,"(W, 3-3)",9,4,1,9.0,2,2018,530919,0.2962962962962963,SP,carlrodon,P
9600.0,607074,2018-07-29,1,1,9.0,5,11,2,0,0,1,6,1,0,5,1,27,1,0,.000,116,7.2,0,0,0,0,0,0,2,29,23,1,0,0,116.0,49.0,67,0.0,1,0,0,0,2,0,2.35,1.17,0,0,0,0,0,0,carlos rodon,Pitcher,CWS,home,TOR,-1,0.0,20.6,L,,6,10,2,9.0,7,2018,530999,0.2068965517241379,,carlrodon,P
9000.0,607074,2018-08-04,1,1,1.0,5,6,1,1,0,0,4,5,0,3,1,18,2,3,.600,98,6.0,0,0,0,0,0,0,0,24,18,1,0,0,98.0,41.0,57,0.0,1,0,0,1,1,0,1.50,0.00,0,0,0,0,0,0,carlos rodon,Pitcher,CWS,away,TB,-1,0.0,19.1,L,,8,3,1,9.0,0,2018,531066,0.1666666666666666,,carlrodon,P
7300.0,607074,2018-08-10,1,1,6.0,6,12,0,2,0,0,5,2,0,4,0,27,0,3,1.000,106,8.0,0,0,0,0,0,0,0,30,24,1,0,0,106.0,37.0,69,0.0,0,0,0,0,0,0,0.00,0.00,0,0,1,0,0,0,carlos rodon,Pitcher,CWS,home,CLE,-1,0.0,25.6,L,,6,5,0,9.0,0,2018,531144,0.1666666666666666,SP,carlrodon,P
9100.0,607074,2018-08-15,1,1,5.0,6,10,3,1,0,0,6,1,0,5,1,27,0,0,.---,105,8.0,1,0,0,0,0,0,3,29,24,1,0,0,105.0,37.0,68,0.0,1,0,0,0,3,0,3.38,0.00,0,0,0,0,0,0,carlos rodon,Pitcher,CWS,away,DET,-1,0.0,24.4,L,"(W, 4-3)",7,8,1,9.0,5,2018,531212,0.2068965517241379,,carlrodon,P
9300.0,607074,2018-08-22,1,1,6.0,5,7,2,0,0,1,5,3,0,3,1,20,0,0,.---,106,6.0,1,0,0,0,0,0,2,24,18,1,0,0,106.0,48.0,58,0.0,1,0,1,0,2,0,3.00,1.50,0,0,0,0,0,0,carlos rodon,Pitcher,CWS,home,MIN,-1,0.0,21.1,L,"(W, 5-3)",8,7,1,9.0,3,2018,531311,0.2083333333333333,,carlrodon,P
8500.0,607074,2018-08-27,1,1,7.0,7,11,2,0,1,1,2,4,0,2,0,22,0,1,1.000,107,7.0,1,0,0,0,0,0,2,26,21,1,0,0,107.0,42.0,65,0.0,0,0,1,0,2,0,2.57,1.29,0,0,0,0,0,0,carlos rodon,Pitcher,CWS,away,NYY,-1,0.0,18.55,L,"(W, 6-3)",3,3,0,9.0,2,2018,531373,0.0769230769230769,SP,carlrodon,P
8100.0,607074,2018-09-01,1,1,5.0,7,10,5,1,1,2,4,2,0,6,1,27,0,0,.---,109,6.1,0,1,0,0,0,0,4,30,19,1,0,0,109.0,38.0,71,0.0,1,0,0,0,3,0,7.11,2.84,0,0,0,0,0,0,carlos rodon,Pitcher,CWS,home,BOS,-1,0.0,9.525000000000002,L,"(L, 6-4)",5,9,1,9.0,5,2018,531434,0.1333333333333333,SP,carlrodon,P
8300.0,607074,2018-09-07,1,1,4.0,3,7,4,1,0,1,4,5,1,6,1,19,0,0,.---,93,4.2,0,1,0,0,0,0,4,26,14,1,0,0,93.0,46.0,47,0.0,1,0,0,0,4,0,7.71,1.93,0,0,0,0,1,0,carlos rodon,Pitcher,CWS,home,LAA,-1,0.0,5.250000000000004,L,"(L, 6-5)",11,9,1,9.0,5,2018,531516,0.1538461538461538,SP,carlrodon,P
8600.0,607074,2018-09-12,1,1,1.0,5,4,2,2,0,0,5,5,0,5,0,19,0,4,1.000,103,6.0,0,0,0,0,0,0,2,24,18,1,0,0,103.0,46.0,57,0.0,0,0,0,0,2,0,3.00,0.00,0,0,0,0,0,0,carlos rodon,Pitcher,CWS,away,KC,-1,0.0,16.5,L,,12,7,0,12.0,2,2018,531584,0.2083333333333333,SP,carlrodon,P
8100.0,607074,2018-09-18,1,1,4.0,10,7,5,1,0,1,1,3,0,7,2,25,1,1,.500,84,7.0,0,1,0,0,0,0,4,30,21,1,0,0,84.0,37.0,47,0.0,2,0,0,0,5,0,6.43,1.29,0,0,0,0,0,0,carlos rodon,Pitcher,CWS,away,CLE,-1,0.0,4.35,L,"(L, 6-6)",2,7,2,8.0,4,2018,531663,0.0333333333333333,SP,carlrodon,P
8200.0,607074,2018-09-23,1,1,1.0,2,2,6,2,0,1,3,0,0,9,1,16,0,0,.---,66,2.1,0,1,0,0,0,0,6,17,7,1,0,0,66.0,25.0,41,0.0,1,0,0,0,5,0,23.14,3.86,0,0,0,0,0,0,carlos rodon,Pitcher,CWS,home,CHC,-1,0.0,-7.274999999999998,L,"(L, 6-7)",9,15,1,9.0,6,2018,531730,0.1764705882352941,SP,carlrodon,P
7000.0,607074,2018-09-29,1,1,,0,1,8,3,0,0,2,4,0,6,0,9,0,0,.---,66,1.0,0,1,0,0,0,0,8,13,3,1,0,0,66.0,32.0,34,0.0,0,0,0,0,5,0,72.00,0.00,0,0,0,0,0,0,carlos rodon,Pitcher,CWS,away,MIN,-1,0.0,-13.35,L,"(L, 6-8)",8,11,1,8.0,8,2018,531810,0.1538461538461538,SP,carlrodon,P
7500.0,607074,2019-03-28,1,1,2.0,3,9,3,0,1,0,6,1,0,3,1,20,0,2,1.000,101,5.1,0,1,0,0,0,0,2,23,16,1,0,0,101.0,41.0,60,0.0,1,0,0,0,2,0,5.06,0.00,0,0,0,0,1,0,carlos rodon,Pitcher,CWS,away,KC,-1,0.0,17.075,L,"(L, 0-1)",7,5,1,8.0,4,2019,565702,0.2608695652173913,SP,carlrodon,P
7000.0,607074,2019-04-03,1,1,2.0,6,5,1,0,0,0,9,1,0,2,0,22,0,0,.---,103,6.0,1,0,0,0,0,0,0,23,18,1,0,0,103.0,37.0,66,0.0,0,0,1,0,1,0,1.50,0.00,0,0,0,0,0,0,carlos rodon,Pitcher,CWS,away,CLE,-1,0.0,34.3,L,"(W, 1-1)",13,5,0,9.0,2,2019,565317,0.391304347826087,,carlrodon,P
6200.0,607074,2019-04-08,1,1,1.0,3,2,4,2,0,0,9,5,0,8,0,21,0,3,1.000,111,4.2,0,1,0,0,0,0,4,27,14,1,0,0,111.0,49.0,62,0.0,0,0,1,0,4,0,7.71,0.00,0,0,0,0,1,0,carlos rodon,Pitcher,CWS,home,TB,-1,0.0,14.650000000000002,L,"(L, 1-2)",14,11,0,9.0,5,2019,567266,0.3333333333333333,,carlrodon,P
7600.0,607074,2019-04-14,1,1,3.0,5,8,2,1,0,0,5,2,0,3,0,21,0,0,.---,112,6.0,1,0,0,0,0,0,2,23,18,1,0,0,112.0,38.0,74,0.0,0,0,1,0,2,0,3.00,0.00,0,0,0,0,0,0,carlos rodon,Pitcher,CWS,away,NYY,-1,0.0,21.7,L,"(W, 2-2)",7,4,0,9.0,2,2019,567464,0.217391304347826,SP,carlrodon,P
8300.0,607074,2019-04-19,1,1,3.0,5,6,1,0,0,1,6,3,0,3,0,20,0,0,.---,95,6.0,1,0,0,0,0,0,1,23,18,1,0,0,95.0,38.0,57,0.0,0,0,0,0,1,0,1.50,1.50,0,0,0,0,0,0,carlos rodon,Pitcher,CWS,away,DET,-1,0.0,25.7,L,"(W, 3-2)",8,7,0,9.0,3,2019,565519,0.2608695652173913,SP,carlrodon,P
8100.0,607074,2019-04-26,1,1,,4,0,8,1,0,3,5,3,0,9,0,18,0,0,.---,85,3.0,0,0,0,0,0,0,8,21,9,1,0,0,85.0,34.0,51,0.0,0,0,1,0,6,0,24.00,9.00,0,0,0,0,0,0,carlos rodon,Pitcher,CWS,home,DET,-1,0.0,-4.65,L,,12,15,0,9.0,11,2019,567272,0.238095238095238,SP,carlrodon,P
9400.0,607074,2019-05-01,1,1,1.0,4,1,3,3,0,0,6,2,0,5,0,16,0,1,1.000,89,3.2,0,0,0,0,0,0,3,18,11,1,0,0,89.0,30.0,59,0.0,0,0,1,0,2,0,7.36,0.00,0,0,0,0,0,0,carlos rodon,Pitcher,CWS,home,BAL,-1,0.0,10.2,L,,12,11,0,9.0,5,2019,567277,0.3333333333333333,,carlrodon,P
9600.0,607074,2020-07-27,1,1,1.0,4,2,5,2,0,1,4,3,0,4,0,14,0,0,.---,71,3.2,0,1,0,0,0,0,5,17,11,1,0,0,71.0,31.0,40,0.0,0,0,0,0,3,0,12.27,2.45,0,0,0,0,0,0,carlos rodon,Pitcher,CWS,away,CLE,-1,0.0,2.7999999999999994,L,"(L, 0-1)",7,6,0,8.0,5,2020,631567,0.2352941176470588,,carlrodon,P
7000.0,607074,2020-08-03,1,1,1.0,2,3,1,2,0,0,1,0,0,3,0,9,0,0,.---,26,2.0,0,0,0,0,0,0,1,9,6,1,0,0,26.0,4.0,22,0.0,0,0,0,0,1,0,4.50,0.00,0,0,0,0,0,0,carlos rodon,Pitcher,CWS,away,MIL,-1,0.0,2.7,L,,11,10,1,9.0,4,2020,631293,0.1111111111111111,SP,carlrodon,P
5000.0,607074,2020-09-24,1,0,,0,1,1,1,0,0,0,0,0,2,0,3,0,0,.---,16,0.1,0,1,0,1,0,1,1,3,1,1,0,0,16.0,6.0,10,0.0,0,0,1,0,4,0,27.00,0.00,3,3,0,0,0,0,carlos rodon,Pitcher,CWS,away,CLE,-1,0.0,-2.975,L,"(L, 0-2)(BS, 1)",4,10,0,8.0,5,2020,631549,0.0,,carlrodon,P
4000.0,607074,2020-09-27,1,0,2.0,1,3,0,0,0,0,1,0,0,0,1,5,0,2,1.000,20,1.2,0,0,0,0,0,0,0,6,5,1,0,0,20.0,6.0,14,0.0,1,0,0,0,0,0,0.00,0.00,2,1,0,0,0,0,carlos rodon,Pitcher,CWS,home,CHC,-1,0.0,4.1,L,,9,8,1,9.0,9,2020,631488,0.1666666666666666,SP,carlrodon,P
5000.0,607074,2020-09-27,1,0,2.0,1,3,0,0,0,0,1,0,0,0,1,5,0,2,1.000,20,1.2,0,0,0,0,0,0,0,6,5,1,0,0,20.0,6.0,14,0.0,1,0,0,0,0,0,0.00,0.00,2,1,0,0,0,0,carlos rodon,Pitcher,CWS,home,CHC,-1,0.0,4.1,L,,9,8,1,9.0,9,2020,631488,0.1666666666666666,SP,carlrodon,P
6700.0,607074,2021-04-05,1,1,4.0,1,5,0,1,0,0,9,3,0,2,2,17,0,1,1.000,95,5.0,1,0,0,0,0,0,0,22,15,1,0,0,95.0,38.0,57,0.0,2,0,0,0,0,0,0.00,0.00,0,0,0,0,0,0,carlos rodon,Pitcher,CWS,away,SEA,-1,0.0,30.85,L,"(W, 1-0)",15,3,2,9.0,0,2021,634551,0.4090909090909091,SP,carlrodon,P
9500.0,607074,2021-04-05,1,1,4.0,1,5,0,1,0,0,9,3,0,2,2,17,0,1,1.000,95,5.0,1,0,0,0,0,0,0,22,15,1,0,0,95.0,38.0,57,0.0,2,0,0,0,0,0,0.00,0.00,0,0,0,0,0,0,carlos rodon,Pitcher,CWS,away,SEA,-1,0.0,30.85,L,"(W, 1-0)",15,3,2,9.0,0,2021,634551,0.4090909090909091,SP,carlrodon,P
8900.0,607074,2021-04-14,1,1,5.0,10,10,0,0,0,0,7,0,0,0,1,27,0,0,.---,114,9.0,1,0,0,0,0,0,0,28,27,1,1,1,114.0,39.0,75,0.0,1,0,0,0,0,0,0.00,0.00,0,0,0,0,0,0,carlos rodon,Pitcher,CWS,home,CLE,-1,1.0,42.65,L,"(W, 2-0)",7,0,1,9.0,0,2021,634516,0.25,,carlrodon,P
10100.0,607074,2021-04-20,1,1,1.0,2,5,2,0,0,1,8,5,0,3,0,18,0,1,1.000,110,5.0,1,0,0,0,0,0,1,24,15,1,0,0,110.0,40.0,70,0.0,0,0,1,0,2,0,3.60,1.80,0,0,1,0,0,0,carlos rodon,Pitcher,CWS,away,CLE,-1,0.0,27.45,L,"(W, 3-0)",10,7,0,9.0,4,2021,634397,0.3333333333333333,,carlrodon,P
9800.0,607074,2021-04-29,1,1,1.0,3,3,1,1,0,0,12,1,0,2,0,20,0,1,1.000,96,6.0,1,0,0,0,0,0,1,21,18,1,0,0,96.0,30.0,66,0.0,0,0,0,0,1,0,1.50,0.00,0,0,0,0,0,0,carlos rodon,Pitcher,CWS,home,DET,-1,0.0,38.3,L,"(W, 4-0)",13,2,0,7.0,1,2021,634330,0.5714285714285714,,carlrodon,P
10000.0,607074,2021-05-07,1,1,4.0,2,8,0,0,0,0,8,0,0,5,0,23,0,0,.---,92,6.0,1,0,0,0,0,0,0,23,18,1,0,0,92.0,27.0,65,0.0,0,0,0,0,0,0,0.00,0.00,0,0,0,0,0,0,carlos rodon,Pitcher,CWS,away,KC,-1,0.0,30.5,L,"(W, 5-0)",13,8,0,9.0,0,2021,634235,0.3478260869565217,,carlrodon,P
11900.0,607074,2021-05-07,1,1,4.0,2,8,0,0,0,0,8,0,0,5,0,23,0,0,.---,92,6.0,1,0,0,0,0,0,0,23,18,1,0,0,92.0,27.0,65,0.0,0,0,0,0,0,0,0.00,0.00,0,0,0,0,0,0,carlos rodon,Pitcher,CWS,away,KC,-1,0.0,30.5,L,"(W, 5-0)",13,8,0,9.0,0,2021,634235,0.3478260869565217,,carlrodon,P
10000.0,607074,2021-05-15,1,1,2.0,6,5,4,2,0,1,5,3,0,8,0,23,0,4,1.000,110,5.2,0,1,0,0,0,0,4,27,17,1,0,0,110.0,43.0,67,0.0,0,0,0,0,4,0,6.35,1.59,0,0,0,1,0,0,carlos rodon,Pitcher,CWS,home,KC,-1,0.0,8.900000000000002,L,"(L, 5-1)",9,11,0,9.0,5,2021,634127,0.1851851851851851,,carlrodon,P
9900.0,607074,2021-05-21,1,1,1.0,2,4,0,0,0,0,13,0,0,2,0,21,0,0,.---,95,6.0,0,0,0,0,0,0,0,21,18,1,0,0,95.0,26.0,69,0.0,0,0,0,0,0,0,0.00,0.00,0,0,0,0,0,0,carlos rodon,Pitcher,CWS,away,NYY,-1,0.0,38.3,L,,15,8,0,8.0,2,2021,634014,0.6190476190476191,SP,carlrodon,P
10000.0,607074,2021-05-26,1,1,2.0,3,5,1,0,0,1,10,0,0,1,2,19,0,0,.---,94,6.0,0,1,0,0,0,0,1,21,18,1,0,0,94.0,31.0,63,0.0,2,0,0,0,1,0,1.50,1.50,0,0,0,0,0,0,carlos rodon,Pitcher,CWS,home,STL,-1,0.0,29.7,L,"(L, 5-2)",14,5,2,9.0,4,2021,633971,0.4761904761904761,SP,carlrodon,P
10100.0,607074,2021-05-31,1,1,1.0,9,1,5,1,0,3,8,1,1,9,0,27,0,1,1.000,85,6.0,0,0,0,0,0,0,5,28,18,1,0,0,85.0,24.0,61,0.0,0,0,1,0,5,0,7.50,4.50,0,0,0,0,0,0,carlos rodon,Pitcher,CWS,away,CLE,-1,0.0,14.1,L,,10,10,0,8.0,5,2021,633884,0.2857142857142857,,carlrodon,P
9700.0,607074,2021-06-08,1,1,3.0,2,4,1,3,0,0,8,2,0,6,0,19,0,1,1.000,106,5.0,0,0,0,0,0,0,1,22,15,1,0,0,106.0,41.0,65,0.0,0,0,1,0,1,0,1.80,0.00,0,0,0,0,1,0,carlos rodon,Pitcher,CWS,home,TOR,-1,0.0,21.65,L,,12,8,0,9.0,1,2021,633788,0.3636363636363636,SP,carlrodon,P
10200.0,607074,2021-06-13,1,1,5.0,3,9,1,1,0,0,9,2,0,1,0,21,0,0,.---,103,7.0,1,0,0,0,0,0,1,24,21,1,0,0,103.0,33.0,70,0.0,0,0,1,0,1,0,1.29,0.00,0,0,0,0,1,0,carlos rodon,Pitcher,CWS,away,DET,-1,0.0,35.15,L,"(W, 6-2)",12,1,0,9.0,1,2021,633688,0.375,SP,carlrodon,P
10800.0,607074,2021-06-18,1,1,3.0,5,7,1,0,0,0,8,3,0,3,0,23,0,0,.---,106,7.0,0,0,0,0,0,0,1,26,21,1,0,0,106.0,39.0,67,0.0,0,0,0,0,1,0,1.29,0.00,0,0,0,0,0,0,carlos rodon,Pitcher,CWS,away,HOU,-1,0.0,27.95,L,,10,5,0,8.1,2,2021,633702,0.3076923076923077,SP,carlrodon,P
10700.0,607074,2021-06-25,1,1,1.0,0,7,3,0,0,1,8,4,0,5,1,20,0,1,1.000,104,5.0,0,1,0,0,0,0,3,25,15,1,0,0,104.0,36.0,68,0.0,1,0,0,0,3,0,5.40,1.80,0,0,0,0,0,0,carlos rodon,Pitcher,CWS,home,SEA,-1,0.0,17.65,L,"(L, 6-3)",11,15,2,9.0,9,2021,633620,0.32,,carlrodon,P
10200.0,607074,2021-07-01,1,1,3.0,3,4,4,2,0,0,9,2,0,6,0,21,0,0,.---,97,5.0,0,0,0,0,0,0,4,24,15,1,0,0,97.0,33.0,64,0.0,0,0,1,0,3,0,7.20,0.00,0,0,0,0,1,0,carlos rodon,Pitcher,CWS,home,MIN,-1,0.0,17.65,L,,12,9,0,9.0,5,2021,633529,0.375,,carlrodon,P
10300.0,607074,2021-07-06,1,1,3.0,5,4,1,1,0,0,8,0,0,7,0,24,0,0,.---,104,6.0,1,0,0,0,0,0,1,24,18,1,0,0,104.0,33.0,71,0.0,0,0,0,0,1,0,1.50,0.00,0,0,0,0,0,0,carlos rodon,Pitcher,CWS,away,MIN,-1,0.0,27.3,L,"(W, 7-3)",12,8,0,9.0,1,2021,633352,0.3333333333333333,SP,carlrodon,P
9300.0,607074,2021-07-18,1,1,5.0,2,9,0,0,0,0,10,0,0,1,0,22,0,0,.---,98,7.0,1,0,0,0,0,0,0,22,21,1,0,0,98.0,30.0,68,0.0,0,0,0,0,0,0,0.00,0.00,0,0,0,0,0,0,carlos rodon,Pitcher,CWS,home,HOU,-1,0.0,39.15,L,"(W, 8-3)",13,1,0,9.0,0,2021,633247,0.4545454545454545,SP,carlrodon,P
10100.0,607074,2021-07-24,1,1,2.0,6,3,4,0,0,2,5,2,0,4,1,16,0,0,.---,79,4.0,0,1,0,0,0,0,2,21,12,1,0,0,79.0,34.0,45,0.0,1,0,0,0,4,0,9.00,4.50,0,0,0,2,0,0,carlos rodon,Pitcher,CWS,away,MIL,-1,0.0,12.0,L,"(L, 8-4)",13,6,1,8.0,4,2021,633167,0.238095238095238,SP,carlrodon,P
9700.0,607074,2021-07-29,1,1,3.0,3,5,4,0,1,2,4,0,0,8,0,19,0,0,.---,74,4.0,0,1,0,0,0,0,4,20,12,1,0,0,74.0,21.0,53,0.0,0,0,0,0,4,0,9.00,4.50,0,0,0,0,1,0,carlos rodon,Pitcher,CWS,away,KC,-1,0.0,4.2,L,"(L, 8-5)",6,9,0,8.0,4,2021,633141,0.2,,carlrodon,P
10500.0,607074,2021-08-07,1,1,,2,2,0,1,0,0,11,2,0,2,0,17,0,0,.---,89,5.0,1,0,0,0,0,0,0,19,15,1,0,0,89.0,33.0,56,0.0,0,0,0,0,0,0,0.00,0.00,0,0,0,0,0,0,carlos rodon,Pitcher,CWS,away,CHC,-1,0.0,36.05,L,"(W, 9-5)",17,5,0,9.0,0,2021,633012,0.5789473684210527,SP,carlrodon,P
10000.0,607074,2021-08-26,1,1,4.0,6,6,2,0,0,1,3,1,0,5,1,20,0,0,.---,67,5.0,1,0,0,0,0,0,2,22,15,1,0,0,67.0,21.0,46,0.0,1,0,0,0,2,0,3.60,1.80,0,0,0,0,0,0,carlos rodon,Pitcher,CWS,away,TOR,-1,0.0,13.65,L,"(W, 10-5)",8,10,2,9.0,7,2021,632724,0.1363636363636363,SP,carlrodon,P
10100.0,607074,2021-09-01,1,1,2.0,5,4,1,1,0,0,5,1,0,5,0,19,0,0,.---,77,5.0,1,0,0,0,0,0,1,20,15,1,0,0,77.0,30.0,47,0.0,0,0,1,0,1,0,1.80,0.00,0,0,0,0,0,0,carlos rodon,Pitcher,CWS,home,PIT,-1,0.0,20.25,L,"(W, 11-5)",10,8,1,9.0,3,2021,632671,0.25,,carlrodon,P
10300.0,607074,2021-09-10,1,1,2.0,2,6,1,0,0,1,7,0,0,3,0,18,0,0,.---,86,5.0,1,0,0,0,0,0,1,18,15,1,0,0,86.0,24.0,62,0.0,0,0,1,0,1,0,1.80,1.80,0,0,0,0,0,0,carlos rodon,Pitcher,CWS,home,BOS,-1,0.0,25.45,L,"(W, 12-5)",11,8,0,9.0,3,2021,632559,0.3888888888888889,SP,carlrodon,P
9500.0,607074,2021-09-20,1,1,3.0,1,3,3,0,0,0,6,2,0,2,0,11,0,0,.---,69,3.0,0,0,0,0,0,0,2,14,9,1,0,0,69.0,25.0,44,0.0,0,0,0,0,3,0,9.00,0.00,0,0,0,0,1,0,carlos rodon,Pitcher,CWS,away,DET,-1,0.0,13.55,L,,12,4,1,8.0,3,2021,632423,0.4285714285714285,,carlrodon,P
10200.0,607074,2021-09-29,1,1,9.0,1,10,0,1,0,0,4,2,0,1,0,16,0,1,1.000,69,5.0,1,0,0,0,0,0,0,18,15,1,0,0,69.0,26.0,43,0.0,0,0,0,0,0,0,0.00,0.00,0,0,0,0,0,0,carlos rodon,Pitcher,CWS,home,CIN,-1,0.0,22.65,L,"(W, 13-5)",7,4,0,9.0,1,2021,632304,0.2222222222222222,,carlrodon,P
9300.0,607074,2022-04-09,1,1,2.0,1,2,1,1,0,0,12,2,0,3,0,18,0,0,.---,89,5.0,0,0,0,0,0,0,1,20,15,1,0,0,89.0,28.0,61,0.0,0,0,1,0,0,0,1.80,0.00,0,0,0,0,0,0,carlos rodon,Pitcher,SF,home,MIA,-1,0.0,31.45,L,,14,5,0,9.0,2,2022,662123,0.6,,carlrodon,P
9800.0,607074,2022-04-15,1,1,3.0,4,7,1,1,0,0,9,2,0,2,1,21,0,0,.---,90,7.0,1,0,0,0,0,0,1,25,21,1,0,0,90.0,31.0,59,0.0,1,0,0,0,1,0,1.29,0.00,0,0,0,0,1,0,carlos rodon,Pitcher,SF,away,CLE,-1,0.0,33.95,L,"(W, 1-0)",10,3,1,9.0,1,2022,663136,0.36,SP,carlrodon,P
10200.0,607074,2022-04-20,1,1,2.0,2,5,0,1,0,0,8,2,0,3,0,18,0,0,.---,95,5.0,1,0,0,0,0,0,0,20,15,1,0,0,95.0,35.0,60,0.0,0,0,0,0,0,0,0.00,0.00,0,0,0,0,0,0,carlos rodon,Pitcher,SF,away,NYM,-1,0.0,29.45,L,"(W, 2-0)",11,9,0,9.0,2,2022,662349,0.4,,carlrodon,P
10100.0,607074,2022-04-26,1,1,3.0,3,6,1,1,0,0,9,2,0,3,0,21,0,2,1.000,104,6.0,1,0,0,0,0,0,1,23,18,1,0,0,104.0,30.0,74,0.0,0,0,1,0,1,0,1.50,0.00,0,0,0,0,0,0,carlos rodon,Pitcher,SF,home,OAK,-1,0.0,31.7,L,"(W, 3-0)",15,5,0,9.0,2,2022,662086,0.391304347826087,SP,carlrodon,P
10000.0,607074,2022-05-03,1,1,6.0,7,8,2,2,0,0,3,2,0,3,0,21,0,0,.---,95,6.0,0,1,0,0,0,0,2,23,18,1,0,0,95.0,35.0,60,0.0,0,0,1,0,2,0,3.00,0.00,0,0,0,0,0,0,carlos rodon,Pitcher,SF,away,LAD,-1,0.0,13.7,L,"(L, 3-1)",5,5,0,8.0,3,2022,662708,0.1304347826086956,,carlrodon,P
10000.0,607074,2022-05-09,1,1,1.0,3,1,2,0,0,0,12,2,0,6,0,22,0,0,.---,110,6.0,1,0,0,0,0,0,2,24,18,1,0,0,110.0,35.0,75,0.0,0,0,0,0,2,0,3.00,0.00,0,0,0,0,0,0,carlos rodon,Pitcher,SF,home,COL,-1,0.0,33.9,L,"(W, 4-1)",16,11,0,9.0,4,2022,662097,0.5,SP,carlrodon,P
9600.0,607074,2022-05-21,1,1,4.0,5,7,2,1,0,1,6,4,0,5,0,22,1,2,.667,100,6.0,0,1,0,0,0,0,2,27,18,1,0,0,100.0,32.0,68,0.0,0,0,0,1,2,0,3.00,1.50,0,0,0,1,0,0,carlos rodon,Pitcher,SF,home,SD,-1,0.0,18.5,L,"(L, 4-3)",10,6,1,9.0,2,2022,662077,0.2222222222222222,,carlrodon,P
10300.0,607074,2022-06-07,1,1,1.0,4,4,2,1,0,1,5,1,0,4,0,16,0,2,1.000,98,4.0,0,0,0,0,0,0,2,18,12,1,0,0,98.0,29.0,69,0.0,0,0,0,0,2,0,4.50,2.25,0,0,0,0,1,0,carlos rodon,Pitcher,SF,home,COL,-1,0.0,12.6,L,,8,8,0,9.0,5,2022,662092,0.2777777777777778,,carlrodon,P
9600.0,607074,2022-06-12,1,1,2.0,4,6,0,2,0,0,8,3,0,2,0,20,0,0,.---,98,6.0,1,0,0,0,0,0,0,23,18,1,0,0,98.0,34.0,64,0.0,0,0,0,0,0,0,0.00,0.00,0,0,0,0,0,0,carlos rodon,Pitcher,SF,home,LAD,-1,0.0,32.3,L,"(W, 5-4)",10,5,0,9.0,0,2022,662085,0.3478260869565217,,carlrodon,P
9900.0,607074,2022-06-17,1,1,3.0,7,8,0,0,0,0,8,2,0,2,0,25,0,0,.---,98,8.0,1,0,0,0,0,0,0,27,24,1,0,0,98.0,27.0,71,0.72,0,0,0,0,0,0,0.00,0.00,0,0,0,0,0,0,carlos rodon,Pitcher,SF,away,PIT,-1,0.0,36.8,L,"(W, 6-4)",8,2,0,9.0,0,2022,662437,0.2962962962962963,SP,,P
10200.0,607074,2022-06-22,1,1,3.0,6,5,1,1,0,0,10,1,0,3,0,24,0,0,.---,91,7.0,0,0,0,0,0,0,1,25,21,1,0,0,91.0,23.0,68,0.75,0,0,1,0,1,0,1.29,0.00,0,0,0,0,0,0,carlos rodon,Pitcher,SF,away,ATL,-1,0.0,31.95,L,,13,7,0,8.2,4,2022,661141,0.4,P,carlrodon,P
10400.0,607074,2022-06-28,1,1,2.0,6,6,1,2,0,0,4,0,0,7,0,23,0,0,.---,86,6.0,1,0,0,0,0,0,1,23,18,1,0,0,86.0,30.0,56,0.65,0,0,1,0,1,0,1.50,0.00,0,0,0,0,0,0,carlos rodon,Pitcher,SF,home,DET,-1,0.0,19.3,L,"(W, 7-4)",8,10,0,9.0,3,2022,662060,0.1739130434782608,P,carlrodon,P
,607074,2022-07-04,1,1,1.0,4,4,4,2,0,0,7,2,0,5,0,19,0,1,1.000,101,5.0,0,1,0,0,0,0,4,22,15,1,0,0,101.0,38.0,63,0.62,0,0,0,0,3,0,7.20,0.00,0,0,0,1,0,0,carlos rodon,Pitcher,SF,away,ARI,-1,0.0,13.05,L,"(L, 7-5)",10,11,0,8.0,8,2022,663343,0.3181818181818182,P,carlrodon,
8400.0,607074,2022-07-09,1,1,6.0,7,8,1,0,0,0,12,2,0,3,0,30,0,0,.---,112,9.0,1,0,0,0,0,0,1,32,27,1,1,0,112.0,33.0,79,0.71,0,0,0,0,1,0,1.00,0.00,0,0,0,0,0,0,carlos rodon,Pitcher,SF,away,SD,-1,0.0,45.75,L,"(W, 8-5)",12,3,0,9.0,1,2022,662266,0.375,P,carlrodon,P
9300.0,607074,2022-07-14,1,1,5.0,2,5,1,0,0,0,7,3,0,8,0,21,0,2,1.000,99,5.0,0,0,0,0,0,0,1,25,15,1,0,0,99.0,31.0,68,0.69,0,0,1,0,1,0,1.80,0.00,0,0,0,0,1,0,carlos rodon,Pitcher,SF,home,MIL,-1,0.0,16.65,L,,11,13,0,10.0,2,2022,662109,0.28,P,carlrodon,P
8500.0,607074,2022-07-21,1,1,7.0,0,8,5,3,0,1,7,2,0,6,0,21,0,1,1.000,94,5.0,0,0,0,0,0,0,5,23,15,1,0,0,94.0,33.0,61,0.65,0,0,1,0,5,0,9.00,1.80,0,0,0,0,0,0,carlos rodon,Pitcher,SF,away,LAD,-1,0.0,10.45,L,,9,10,0,8.0,9,2022,662685,0.3043478260869565,P,carlrodon,P
9800.0,607074,2022-07-26,1,1,2.0,5,3,5,0,0,2,10,2,0,3,1,21,0,0,.---,99,6.0,0,1,0,0,0,0,5,24,18,1,0,0,99.0,32.0,67,0.68,1,0,0,0,5,0,7.50,3.00,0,0,0,0,0,0,carlos rodon,Pitcher,SF,away,ARI,-1,0.0,19.9,L,"(L, 8-6)",13,5,1,8.0,7,2022,663314,0.4166666666666667,P,carlrodon,P
,607074,2022-07-31,1,1,3.0,3,8,0,0,0,0,10,0,0,2,0,23,0,0,.---,98,7.0,1,0,0,0,0,0,0,23,21,1,0,0,98.0,34.0,64,0.65,0,0,0,0,0,0,0.00,0.00,0,0,0,0,0,0,carlos rodon,Pitcher,SF,home,CHC,-1,0.0,38.55,L,"(W, 9-6)",13,4,0,9.0,0,2022,662071,0.4347826086956521,P,carlrodon,
,607074,2022-08-06,1,1,5.0,5,8,1,1,0,0,3,0,0,5,0,21,0,0,.---,98,5.33,1,0,0,0,0,0,1,21,16,1,0,0,98.0,38.0,60,0.61,0,0,1,0,1,0,1.69,0.00,0,0,0,0,0,0,carlos rodon,Pitcher,SF,away,OAK,-1,0.0,16.9925,L,"(W, 10-6)",8,10,0,9.0,3,2022,662308,0.1428571428571428,P,carlrodon,
,607074,2022-08-12,1,1,4.0,3,8,2,1,1,2,7,0,0,6,0,24,0,0,.---,110,6.0,1,0,0,0,0,0,2,24,18,1,0,0,110.0,38.0,72,.650,0,0,0,0,2,0,3.00,3.00,0,0,0,0,0,0,carlos rodon,Pitcher,SF,home,PIT,-1,0.0,23.9,L,"(W, 11-6)",10,10,0,9.0,3,2022,662111,0.2916666666666667,P,carlrodon,
,607074,2022-08-17,1,1,4.0,2,6,1,1,0,0,11,2,0,2,1,21,0,2,1.000,106,6.0,0,0,0,0,0,0,1,25,18,1,0,0,106.0,41.0,65,.610,1,0,0,0,1,0,1.50,0.00,0,0,1,0,0,0,carlos rodon,Pitcher,SF,home,ARI,-1,0.0,30.5,L,,14,6,1,9.0,3,2022,662003,0.44,P,carlrodon,
11000.0,607074,2022-08-23,1,1,3.0,3,6,1,0,0,0,10,0,0,5,0,24,0,1,1.000,92,7.0,1,0,0,0,0,0,1,24,21,1,0,0,92.0,29.0,63,0.68,0,0,1,0,1,0,1.29,0.00,0,0,0,0,0,0,carlos rodon,Pitcher,SF,away,DET,-1,0.0,34.75,L,"(W, 12-6)",13,7,0,9.0,1,2022,662914,0.4166666666666667,SP,,P
10900.0,607074,2022-08-29,1,1,5.0,2,8,5,1,0,1,2,4,0,4,0,16,0,0,.---,94,4.0,0,1,0,0,0,0,5,20,12,1,0,0,94.0,36.0,58,0.62,0,0,1,0,5,0,11.25,2.25,0,0,0,0,0,0,carlos rodon,Pitcher,SF,home,SD,-1,0.0,-1.7999999999999998,L,"(L, 12-7)",3,7,0,9.0,6,2022,662001,0.1,SP,,P
10000.0,607074,2022-09-04,1,1,5.0,3,5,0,1,0,0,10,2,0,5,0,23,0,0,.---,106,6.0,0,0,0,0,0,0,0,25,18,1,0,0,106.0,36.0,70,.660,0,0,0,0,0,0,0.00,0.00,0,0,0,0,0,0,carlos rodon,Pitcher,SF,home,PHI,-1,0.0,29.3,L,,14,9,0,9.0,3,2022,662030,0.4,SP,,P
,607074,2022-09-09,1,1,3.0,1,3,2,0,0,1,11,1,0,3,0,18,0,1,1.000,96,5.33,0,1,0,0,0,0,2,19,16,1,0,0,96.0,33.0,63,.660,0,0,0,0,2,0,3.38,1.69,0,0,0,0,0,0,carlos rodon,Pitcher,SF,away,CHC,-1,0.0,27.5925,L,"(L, 12-8)",14,5,1,8.0,4,2022,663217,0.5789473684210527,,,
9000.0,607074,2022-09-14,1,1,1.0,2,4,1,0,0,0,8,1,0,2,0,16,1,0,.000,71,5.0,1,0,0,0,0,0,0,17,15,1,0,0,71.0,24.0,47,.660,0,0,0,1,1,0,1.80,0.00,0,0,0,0,0,0,carlos rodon,Pitcher,SF,home,ATL,-1,0.0,29.45,L,"(W, 13-8)",13,6,0,9.0,0,2022,662027,0.4705882352941176,SP,,P
10300.0,607074,2022-09-23,1,1,1.0,0,6,4,1,0,1,7,3,0,4,0,17,0,0,.---,93,4.33,0,0,0,0,0,0,4,20,13,1,0,0,93.0,38.0,55,.590,0,0,0,0,2,0,8.31,2.08,0,0,0,0,0,0,carlos rodon,Pitcher,SF,away,ARI,-1,0.0,11.5425,L,,16,11,0,9.0,5,2022,663282,0.35,SP,,P
10100.0,607074,2022-09-29,1,1,4.0,2,6,0,2,0,0,10,0,0,2,0,20,0,0,.---,95,6.0,1,0,0,0,0,0,0,20,18,1,0,0,95.0,29.0,66,.690,0,0,0,0,0,0,0.00,0.00,0,0,0,0,0,0,carlos rodon,Pitcher,SF,home,COL,-1,0.0,36.3,L,"(W, 14-8)",12,7,0,9.0,4,2022,662050,0.5,SP,,P
